Bachelors;[Undergraduate];[[Higher education]];*
Some-college;[Undergraduate];[[Higher education]];*
11th;[High School];[[Secondary education]];*
HS-grad;[High School];[[Secondary education]];*
Prof-school;[Professional Education];[[Higher education]];*
Assoc-acdm;[Professional Education];[[Higher education]];*
Assoc-voc;[Professional Education];[[Higher education]];*
9th;[High School];[[Secondary education]];*
7th-8th;[High School];[[Secondary education]];*
12th;[High School];[[Secondary education]];*
Masters;[Graduate];[[Higher education]];*
1st-4th;[Primary School];[[Primary education]];*
10th;[High School];[[Secondary education]];*
Doctorate;[Graduate];[[Higher education]];*
5th-6th;[Primary School];[[Primary education]];*
Preschool;[Primary School];[[Primary education]];*
